name,category_slug,sku,description,search_terms,image,mrp,price,stock,variants
Alphonso Mango (Hapus),fresh-fruits,AG-MAN-001,"Premium Alphonso mangoes (Hapus) from Ratnagiri. Known for their rich aroma, sweet taste and bright golden colour. Perfect for eating fresh or making aamras.","alphonso,hapus,ratnagiri mango,aam,आम,hapus aam,mango",,699,599,500,"250 GM|500 GM|1 KG|2 KG|3 KG"
Kesar Mango (Gir Kesar),fresh-fruits,AG-MAN-002,"Gir Kesar mangoes from Gujarat — saffron-coloured pulp with a rich sweet flavour and low fibre. One of India's most prized mango varieties, great for juice and eating fresh.","kesar,gir kesar,gujarat mango,aam,आम,kesar aam,mango",,549,479,400,"500 GM|1 KG|2 KG|3 KG"
Dasheri Mango,fresh-fruits,AG-MAN-003,"Classic Dasheri mangoes from Lucknow UP. Long golden-yellow fruit with a delicate sweet flavour and smooth fibre-free pulp. Excellent for eating fresh and making shakes.","dasheri,dussehri,lucknow mango,aam,आम,dasheri aam,UP mango",,299,249,600,"500 GM|1 KG|2 KG|3 KG"
Langra Mango,fresh-fruits,AG-MAN-004,"Langra mangoes — a favourite variety from Varanasi with a distinct tangy-sweet taste and greenish-yellow skin even when ripe. Known for their unique flavour and aroma.","langra,langra mango,varanasi mango,aam,आम,langra aam,green mango",,319,269,500,"500 GM|1 KG|2 KG"
Totapuri Mango,fresh-fruits,AG-MAN-005,"Totapuri mangoes — large parrot-beaked mangoes with firm flesh and mildly sweet tangy flavour. Ideal for pickling, chutneys, aamchur powder and eating fresh as well.","totapuri,bangalora mango,gilli,collector mango,aam,आम,raw mango",,199,159,800,"500 GM|1 KG|2 KG|3 KG"
Banganapalli Mango,fresh-fruits,AG-MAN-006,"Banganapalli mangoes from Andhra Pradesh — large golden-yellow mangoes with fibre-free sweet pulp. Also called Safeda or Benishan. Great for eating fresh and making juice.","banganapalli,safeda,benishan,andhra mango,aam,आम,AP mango",,279,229,600,"500 GM|1 KG|2 KG|3 KG"
Chausa Mango,fresh-fruits,AG-MAN-007,"Chausa mangoes — a premium late-season variety from North India with deep yellow skin and exceptionally sweet honey-like flesh. Very low fibre and rich in flavour.","chausa,chaunsa,honey mango,UP mango,aam,आम,chausa aam",,399,349,300,"500 GM|1 KG|2 KG"
Neelam Mango,fresh-fruits,AG-MAN-008,"Neelam mangoes — a popular south Indian variety with a distinctive aroma and sweet taste. Small to medium sized with yellow-orange skin. Available across India during peak season.","neelam,neelam mango,south india mango,aam,आम,neelam aam",,249,199,700,"500 GM|1 KG|2 KG|3 KG"
Himsagar Mango,fresh-fruits,AG-MAN-009,"Himsagar mangoes from West Bengal — considered one of the finest varieties. Medium sized with greenish-yellow skin, fibre-free pulp and an intensely sweet aroma. Seasonal delicacy.","himsagar,khirsapati,bengal mango,aam,आम,himsagar aam",,479,419,200,"500 GM|1 KG|2 KG"
Mango Pulp - Alphonso (Pack),fresh-fruits,AG-MAN-010,"Ready-to-use fresh Alphonso mango pulp. Smooth, sweet and aromatic — ideal for aamras, mango lassi, ice cream, kulfi and desserts. Made from premium Alphonso mangoes.","mango pulp,alphonso pulp,aamras,mango juice,आम का पल्प,hapus pulp",,199,169,400,"200 GM|500 GM|1 KG"
Raw Green Mango (Kairi),fresh-fruits,AG-MAN-011,"Fresh raw green mangoes (Kairi/Kachcha Aam) — perfect for making aam panna, raw mango chutney, pickle (achar), dal tadka and refreshing summer drinks.","kairi,kachcha aam,raw mango,green mango,achar wala aam,aam panna,आम,कैरी",,89,69,1000,"250 GM|500 GM|1 KG|2 KG"
Badami Mango (Karnataka Alphonso),fresh-fruits,AG-MAN-012,"Badami mangoes from Karnataka — the local Alphonso variety with bright orange-yellow skin and sweet rich pulp. Excellent eating mango with a distinct Karnataka flavour profile.","badami,karnataka alphonso,aam,आम,badami aam,south india mango",,329,279,450,"500 GM|1 KG|2 KG"
