name,category_slug,sku,description,search_terms,image,image_url,mrp,price,stock,variants
Potato,fresh-vegetables,AG-VEG-001,Fresh farm potatoes,"potato,aalu,alu,आलू",,,40,32,200,"500 GM|1 KG|2 KG"
Baby Potato,fresh-vegetables,AG-VEG-002,Small tender baby potatoes,"baby potato,chota aalu",,,55,45,120,"500 GM|1 KG"
Sweet Potato,fresh-vegetables,AG-VEG-003,Fresh sweet potatoes,"sweet potato,shakarkandi,शकरकंदी",,,60,48,100,"500 GM|1 KG"
Onion,fresh-vegetables,AG-VEG-004,Fresh red onions,"onion,pyaz,प्याज",,,45,38,200,"500 GM|1 KG|2 KG"
Small Onion,fresh-vegetables,AG-VEG-005,Small sambar onions,"small onion,madras onion,chhoti pyaz",,,70,58,80,"250 GM|500 GM"
Spring Onion,fresh-vegetables,AG-VEG-006,Fresh spring onions,"spring onion,hara pyaz",,,40,32,70,"1 Bunch"
Garlic,fresh-vegetables,AG-VEG-007,Fresh garlic,"garlic,lehsun,लहसुन",,,150,120,60,"100 GM|250 GM|500 GM"
Peeled Garlic,fresh-vegetables,AG-VEG-008,Ready peeled garlic cloves,"peeled garlic,chhila lehsun",,,180,150,40,"100 GM|250 GM"
Ginger,fresh-vegetables,AG-VEG-009,Fresh ginger,"ginger,adrak,अदरक",,,120,95,60,"100 GM|250 GM|500 GM"
Radish,fresh-vegetables,AG-VEG-010,Fresh white radish,"radish,mooli,मूली",,,35,28,90,"500 GM|1 KG"
Beetroot,fresh-vegetables,AG-VEG-011,Fresh beetroot,"beetroot,chukandar,चुकंदर",,,50,40,80,"500 GM|1 KG"
Carrot,fresh-vegetables,AG-VEG-012,Fresh carrots,"carrot,gajar,गाजर",,,60,48,120,"500 GM|1 KG"
Turnip,fresh-vegetables,AG-VEG-013,Fresh turnip,"turnip,shalgam,शलगम",,,45,36,70,"500 GM|1 KG"
Yam,fresh-vegetables,AG-VEG-014,Fresh elephant yam,"yam,jimikand,suran,जिमीकंद",,,70,58,50,"500 GM|1 KG"
Colocasia,fresh-vegetables,AG-VEG-015,Fresh colocasia / arbi,"colocasia,arbi,अरबी",,,60,48,60,"500 GM|1 KG"
Tapioca,fresh-vegetables,AG-VEG-016,Fresh tapioca root,"tapioca,kappa,sabudana root",,,55,44,40,"500 GM|1 KG"
Tomato,fresh-vegetables,AG-VEG-017,Fresh tomatoes,"tomato,tamatar,टमाटर",,,50,40,150,"500 GM|1 KG"
Cherry Tomato,fresh-vegetables,AG-VEG-018,Fresh cherry tomatoes,"cherry tomato,chhota tamatar",,,90,75,50,"200 GM"
Cucumber,fresh-vegetables,AG-VEG-019,Fresh cucumber,"cucumber,kheera,खीरा",,,40,32,100,"500 GM|1 KG"
Cauliflower,fresh-vegetables,AG-VEG-020,Fresh cauliflower,"cauliflower,gobhi,फूलगोभी",,,45,35,100,"1 PCS"
Cabbage,fresh-vegetables,AG-VEG-021,Fresh green cabbage,"cabbage,patta gobhi,पत्ता गोभी",,,35,28,100,"1 PCS"
Red Cabbage,fresh-vegetables,AG-VEG-022,Fresh red cabbage,"red cabbage,lal patta gobhi",,,70,58,40,"1 PCS"
Broccoli,fresh-vegetables,AG-VEG-023,Fresh broccoli,"broccoli,hari gobhi",,,90,75,50,"250 GM|500 GM"
Green Capsicum,fresh-vegetables,AG-VEG-024,Fresh green capsicum,"capsicum,shimla mirch,शिमला मिर्च",,,80,60,80,"250 GM|500 GM"
Red Capsicum,fresh-vegetables,AG-VEG-025,Fresh red capsicum,"red capsicum,lal shimla mirch",,,160,130,40,"250 GM"
Yellow Capsicum,fresh-vegetables,AG-VEG-026,Fresh yellow capsicum,"yellow capsicum,peeli shimla mirch",,,160,130,40,"250 GM"
Brinjal,fresh-vegetables,AG-VEG-027,Fresh brinjal / baingan,"brinjal,eggplant,baingan,बैंगन",,,45,36,90,"500 GM|1 KG"
Green Chilli,fresh-vegetables,AG-VEG-028,Fresh green chillies,"chilli,hari mirch,हरी मिर्च",,,40,30,80,"100 GM|250 GM"
Lady Finger,fresh-vegetables,AG-VEG-029,Fresh okra / bhindi,"okra,bhindi,lady finger,भिंडी",,,55,45,90,"250 GM|500 GM"
Green Peas,fresh-vegetables,AG-VEG-030,Fresh green peas,"peas,matar,मटर",,,90,70,80,"250 GM|500 GM"
Spinach,fresh-vegetables,AG-VEG-031,Fresh spinach / palak,"spinach,palak,पालक",,,30,24,100,"1 Bunch"
Fenugreek Leaves,fresh-vegetables,AG-VEG-032,Fresh methi leaves,"fenugreek,methi,मेथी",,,30,24,80,"1 Bunch"
Coriander Leaves,fresh-vegetables,AG-VEG-033,Fresh coriander,"coriander,dhaniya,धनिया",,,20,15,120,"1 Bunch"
Mint Leaves,fresh-vegetables,AG-VEG-034,Fresh mint / pudina,"mint,pudina,पुदीना",,,20,15,100,"1 Bunch"
Curry Leaves,fresh-vegetables,AG-VEG-035,Fresh curry leaves,"curry leaves,kadi patta,करी पत्ता",,,20,15,80,"100 GM"
Bottle Gourd,fresh-vegetables,AG-VEG-036,Fresh bottle gourd,"bottle gourd,lauki,ghiya,लौकी",,,35,28,70,"1 PCS"
Bitter Gourd,fresh-vegetables,AG-VEG-037,Fresh bitter gourd,"bitter gourd,karela,करेला",,,50,40,60,"500 GM"
Ridge Gourd,fresh-vegetables,AG-VEG-038,Fresh ridge gourd,"ridge gourd,turai,तुरई",,,45,36,60,"500 GM"
Pointed Gourd,fresh-vegetables,AG-VEG-039,Fresh pointed gourd,"pointed gourd,parwal,परवल",,,60,48,50,"500 GM"
Pumpkin,fresh-vegetables,AG-VEG-040,Fresh pumpkin,"pumpkin,kaddu,कद्दू",,,35,28,60,"500 GM|1 KG"
Ash Gourd,fresh-vegetables,AG-VEG-041,Fresh ash gourd,"ash gourd,petha,पेठा",,,40,32,40,"500 GM|1 KG"
Snake Gourd,fresh-vegetables,AG-VEG-042,Fresh snake gourd,"snake gourd,chichinda",,,45,36,40,"500 GM"
Tinda,fresh-vegetables,AG-VEG-043,Fresh apple gourd / tinda,"tinda,टिंडा",,,55,45,40,"500 GM"
Cluster Beans,fresh-vegetables,AG-VEG-044,Fresh cluster beans,"cluster beans,gavar,ग्वार",,,55,45,50,"250 GM|500 GM"
French Beans,fresh-vegetables,AG-VEG-045,Fresh french beans,"french beans,fali,फली",,,70,58,60,"250 GM|500 GM"
Broad Beans,fresh-vegetables,AG-VEG-046,Fresh broad beans,"broad beans,sem,सेम",,,60,48,40,"500 GM"
Drumstick,fresh-vegetables,AG-VEG-047,Fresh drumsticks,"drumstick,sahjan,moringa,सहजन",,,60,48,50,"250 GM"
Raw Banana,fresh-vegetables,AG-VEG-048,Fresh raw banana,"raw banana,kaccha kela",,,40,32,60,"500 GM"
Raw Papaya,fresh-vegetables,AG-VEG-049,Fresh raw papaya,"raw papaya,kaccha papita",,,40,32,40,"1 PCS"
Raw Mango,fresh-vegetables,AG-VEG-050,Fresh raw mango,"raw mango,kairi,kaccha aam",,,70,58,40,"500 GM"
Green Tomato,fresh-vegetables,AG-VEG-051,Fresh green tomatoes,"green tomato,hara tamatar",,,45,36,40,"500 GM"
Lemon,fresh-vegetables,AG-VEG-052,Fresh lemons,"lemon,nimbu,नींबू",,,60,48,80,"250 GM"
Mushroom,fresh-vegetables,AG-VEG-053,Fresh button mushrooms,"mushroom,khumb,मशरूम",,,90,75,50,"200 GM"
Sweet Corn,fresh-vegetables,AG-VEG-054,Fresh sweet corn,"sweet corn,bhutta,makka",,,40,32,60,"1 PCS|2 PCS"
Baby Corn,fresh-vegetables,AG-VEG-055,Fresh baby corn,"baby corn,chhota bhutta",,,70,58,40,"200 GM"
Zucchini Green,fresh-vegetables,AG-VEG-056,Fresh green zucchini,"zucchini,green zucchini",,,120,95,30,"500 GM"
Lettuce,fresh-vegetables,AG-VEG-057,Fresh iceberg lettuce,"lettuce,salad patta",,,90,75,30,"1 PCS"
Celery,fresh-vegetables,AG-VEG-058,Fresh celery,"celery",,,120,95,25,"250 GM"
Leek,fresh-vegetables,AG-VEG-059,Fresh leek,"leek",,,130,105,20,"1 Bunch"
Parsley,fresh-vegetables,AG-VEG-060,Fresh parsley,"parsley",,,80,65,25,"1 Bunch"
Basil,fresh-vegetables,AG-VEG-061,Fresh basil leaves,"basil,tulsi",,,80,65,25,"50 GM"
Dill Leaves,fresh-vegetables,AG-VEG-062,Fresh dill / soya,"dill,soya,सोया",,,30,24,40,"1 Bunch"
Mustard Leaves,fresh-vegetables,AG-VEG-063,Fresh sarson leaves,"mustard leaves,sarson,सरसों",,,35,28,50,"1 Bunch"
Amaranth Leaves,fresh-vegetables,AG-VEG-064,Fresh amaranth / chaulai,"amaranth,chaulai,चौलाई",,,30,24,40,"1 Bunch"
Colocasia Leaves,fresh-vegetables,AG-VEG-065,Fresh arbi leaves,"colocasia leaves,arbi patta,patra",,,35,28,30,"1 Bunch"
Spring Garlic,fresh-vegetables,AG-VEG-066,Fresh green garlic,"spring garlic,hara lehsun",,,50,40,30,"1 Bunch"
Kohlrabi,fresh-vegetables,AG-VEG-067,Fresh knol khol,"kohlrabi,ganth gobhi",,,45,36,40,"500 GM"
Green Papaya,fresh-vegetables,AG-VEG-068,Fresh green papaya,"green papaya",,,45,36,30,"1 PCS"
Jackfruit Raw,fresh-vegetables,AG-VEG-069,Fresh raw jackfruit,"raw jackfruit,kathal,कटहल",,,80,65,30,"500 GM"
Banana Flower,fresh-vegetables,AG-VEG-070,Fresh banana flower,"banana flower,kele ka phool",,,60,48,20,"1 PCS"
Banana Stem,fresh-vegetables,AG-VEG-071,Fresh banana stem,"banana stem,kele ka tana",,,50,40,20,"1 PCS"
Red Chilli,fresh-vegetables,AG-VEG-072,Fresh red chillies,"red chilli,lal mirch",,,80,65,40,"100 GM|250 GM"
Capsicum Mix,fresh-vegetables,AG-VEG-073,Mixed bell peppers,"capsicum mix,bell pepper mix",,,180,150,30,"500 GM"
Baby Spinach,fresh-vegetables,AG-VEG-074,Fresh baby spinach,"baby spinach,chhoti palak",,,60,48,30,"200 GM"
Fresh Turmeric,fresh-vegetables,AG-VEG-075,Fresh raw turmeric,"fresh turmeric,kachi haldi,कच्ची हल्दी",,,90,75,30,"250 GM"
Spring Radish,fresh-vegetables,AG-VEG-076,Fresh red radish,"spring radish,lal mooli",,,50,40,30,"250 GM"
White Onion,fresh-vegetables,AG-VEG-077,Fresh white onion,"white onion,safed pyaz",,,60,48,60,"500 GM|1 KG"
Shallots,fresh-vegetables,AG-VEG-078,Fresh shallots,"shallots,gandana",,,80,65,30,"250 GM"
Elephant Foot Yam,fresh-vegetables,AG-VEG-079,Fresh suran,"elephant foot yam,suran,ol",,,70,58,30,"500 GM|1 KG"
Water Chestnut,fresh-vegetables,AG-VEG-080,Fresh water chestnut,"water chestnut,singhara,सिंघाड़ा",,,70,58,30,"500 GM"
Lotus Stem,fresh-vegetables,AG-VEG-081,Fresh lotus stem,"lotus stem,kamal kakdi,bhein",,,120,95,20,"500 GM"
Green Garlic Chives,fresh-vegetables,AG-VEG-082,Fresh garlic chives,"garlic chives",,,90,75,15,"1 Bunch"
Fresh Peas Shelled,fresh-vegetables,AG-VEG-083,Shelled green peas,"shelled peas,chhili matar",,,140,115,30,"250 GM|500 GM"
Baby Brinjal,fresh-vegetables,AG-VEG-084,Fresh baby brinjal,"baby brinjal,chhota baingan",,,55,45,40,"500 GM"
Long Brinjal,fresh-vegetables,AG-VEG-085,Fresh long brinjal,"long brinjal,lamba baingan",,,45,36,40,"500 GM"
Green Long Beans,fresh-vegetables,AG-VEG-086,Fresh long beans,"long beans,barbati,bora",,,60,48,40,"250 GM|500 GM"
Ivy Gourd,fresh-vegetables,AG-VEG-087,Fresh ivy gourd,"ivy gourd,tindora,kundru",,,55,45,40,"250 GM|500 GM"
Spine Gourd,fresh-vegetables,AG-VEG-088,Fresh spine gourd,"spine gourd,kantola,kakrol",,,80,65,20,"250 GM"
Red Amaranth,fresh-vegetables,AG-VEG-089,Fresh red amaranth,"red amaranth,lal chaulai",,,30,24,30,"1 Bunch"
Sorrel Leaves,fresh-vegetables,AG-VEG-090,Fresh sorrel / gongura,"sorrel,gongura,ambadi",,,35,28,25,"1 Bunch"
Spring Onion Bulbs,fresh-vegetables,AG-VEG-091,Spring onion with bulbs,"spring onion bulb,hara pyaz",,,45,36,30,"1 Bunch"
Fresh Green Chickpea,fresh-vegetables,AG-VEG-092,Fresh hara chana,"green chickpea,hara chana,chholiya",,,70,58,30,"250 GM|500 GM"
Cucumber Madras,fresh-vegetables,AG-VEG-093,Fresh madras cucumber,"madras cucumber,dosakai",,,45,36,30,"500 GM"
English Cucumber,fresh-vegetables,AG-VEG-094,Fresh english cucumber,"english cucumber,salad kheera",,,70,58,30,"1 PCS"
Red Carrot,fresh-vegetables,AG-VEG-095,Fresh red / desi carrot,"red carrot,desi gajar,lal gajar",,,55,45,50,"500 GM|1 KG"
Ooty Carrot,fresh-vegetables,AG-VEG-096,Fresh ooty carrot,"ooty carrot,orange carrot",,,65,52,40,"500 GM|1 KG"
Baby Carrot,fresh-vegetables,AG-VEG-097,Fresh baby carrots,"baby carrot,chhoti gajar",,,120,95,25,"250 GM"
Green Bell Pepper Mix,fresh-vegetables,AG-VEG-098,Mixed capsicum pack,"bell pepper,capsicum pack",,,170,140,20,"500 GM"
Mixed Vegetables Pack,fresh-vegetables,AG-VEG-099,Daily mixed vegetable pack,"mixed veg,sabzi pack",,,160,130,30,"1 KG"
Exotic Veg Combo,fresh-vegetables,AG-VEG-100,Exotic vegetables combo,"exotic veg,combo pack",,,250,210,20,"1 Pack"
